sample_id	Kids_First_Biospecimen_ID	Kids_First_Participant_ID	EGFR_focal_status	PTEN_focal_status	PDGFRA_focal_status
7316-4466	BS_HBSA5CW2	PT_YSYNKHAE	neutral	neutral	neutral
7316-4466	BS_HBSA5CW2	PT_YSYNKHAE	neutral	neutral	Gain
7316-4466	BS_HBSA5CW2	PT_YSYNKHAE	Gain	neutral	neutral
7316-4466	BS_HBSA5CW2	PT_YSYNKHAE	neutral	Loss	neutral
7316-194	BS_9DM8H1RX	PT_SYHB12RN	neutral	neutral	neutral
7316-194	BS_9DM8H1RX	PT_SYHB12RN	neutral	neutral	Gain
7316-194	BS_9DM8H1RX	PT_SYHB12RN	Gain	neutral	neutral
7316-194	BS_9DM8H1RX	PT_SYHB12RN	neutral	Gain	neutral
7316-3058	BS_P0QJ1QAH	PT_JNEV57VK	neutral	neutral	neutral
7316-4293	BS_82KENKT0	PT_PWVX2F69	Gain	neutral	neutral
7316-2176	BS_KSHETTQC	PT_VAJN5QP8	neutral	neutral	Gain
7316-2176	BS_KSHETTQC	PT_VAJN5QP8	Gain	neutral	neutral
7316UP-2035	BS_4QH8B0VS	PT_6RZ363TJ	Gain	neutral	neutral
7316-2069	BS_QQP17PDQ	PT_8GN3TQRM	neutral	neutral	neutral
7316-2069	BS_QQP17PDQ	PT_8GN3TQRM	Gain	neutral	neutral
7316-2069	BS_QQP17PDQ	PT_8GN3TQRM	neutral	Loss	neutral
7316-409	BS_B9QP40ER	PT_2JDDX6TJ	neutral	neutral	neutral
7316-409	BS_B9QP40ER	PT_2JDDX6TJ	neutral	Loss	neutral
7316-195	BS_AYPBAHJ6	PT_Y5KY6KN9	neutral	neutral	neutral
7316-195	BS_AYPBAHJ6	PT_Y5KY6KN9	neutral	neutral	Gain
7316-195	BS_AYPBAHJ6	PT_Y5KY6KN9	Gain	neutral	neutral
7316-195	BS_AYPBAHJ6	PT_Y5KY6KN9	neutral	Loss	neutral
7316-195	BS_AYPBAHJ6	PT_Y5KY6KN9	neutral	Gain	neutral
7316-5087	BS_DFTX5Q9V	PT_1FQFJ0V1	neutral	Loss	neutral
7316-388	BS_823V5X6Z	PT_4XB3YTJM	neutral	neutral	Gain
7316-5267	BS_RM13B4YN	PT_91PDAFH0	neutral	neutral	neutral
7316-4942	BS_JZ40GV74	PT_HF824BSM	neutral	neutral	Gain
7316-4942	BS_JZ40GV74	PT_HF824BSM	Gain	neutral	neutral
7316-4942	BS_JZ40GV74	PT_HF824BSM	neutral	Loss	neutral
7316-2810	BS_E3B3926M	PT_59D00MBQ	neutral	neutral	Gain
7316-4516	BS_GCG2PKQA	PT_C7HHJG7Z	neutral	neutral	Gain
7316-4516	BS_GCG2PKQA	PT_C7HHJG7Z	neutral	Loss	neutral
7316-4337	BS_MB5K2C19	PT_D5KKHPAE	Loss	neutral	neutral
7316-1774	BS_79NQJZ09	PT_KZ04SDDS	neutral	neutral	neutral
7316-1774	BS_79NQJZ09	PT_KZ04SDDS	neutral	neutral	Loss
7316-1774	BS_79NQJZ09	PT_KZ04SDDS	Gain	neutral	neutral
7316-1774	BS_79NQJZ09	PT_KZ04SDDS	neutral	Neutral	neutral
7316-4993	BS_81SVXT4D	PT_BMK69WFB	neutral	neutral	neutral
7316-3765	BS_80078QDG	PT_PF9EC93Q	neutral	neutral	neutral
7316-3765	BS_80078QDG	PT_PF9EC93Q	neutral	neutral	Neutral
7316-3765	BS_80078QDG	PT_PF9EC93Q	Gain	neutral	neutral
7316-161	BS_W2QCHQ7E	PT_Z4BF2NSB	neutral	neutral	neutral
7316-161	BS_W2QCHQ7E	PT_Z4BF2NSB	neutral	Loss	neutral
7316-1956	BS_230S192D	PT_P2NGYMG5	neutral	Loss	neutral
7316-1099	BS_EPM623G4	PT_N3205P0D	Gain	neutral	neutral
7316-1099	BS_EPM623G4	PT_N3205P0D	neutral	Loss	neutral
7316-2594	BS_85Q5P8GF	PT_JNEV57VK	neutral	neutral	neutral
7316-870	BS_KXGJ1HMG	PT_P5HHJJPH	neutral	Loss	neutral
7316-3636	BS_CKX0QTD6	PT_NTV1B352	neutral	neutral	neutral
7316-3636	BS_CKX0QTD6	PT_NTV1B352	neutral	neutral	Neutral
7316-3636	BS_CKX0QTD6	PT_NTV1B352	Gain	neutral	neutral
7316-3636	BS_CKX0QTD6	PT_NTV1B352	neutral	Neutral	neutral
7316-913	BS_742CDKAS	PT_4347ZBEX	neutral	neutral	Gain
7316-913	BS_742CDKAS	PT_4347ZBEX	Gain	neutral	neutral
7316-913	BS_742CDKAS	PT_4347ZBEX	neutral	Neutral	neutral
7316-913	BS_742CDKAS	PT_4347ZBEX	neutral	Loss	neutral
7316-204	BS_SK4H5MJQ	PT_RSDTCFDA	Gain	neutral	neutral
7316-1763	BS_WPCBK1EG	PT_Z4PJA6KT	neutral	neutral	neutral
7316-1763	BS_WPCBK1EG	PT_Z4PJA6KT	neutral	neutral	Gain
7316-1763	BS_WPCBK1EG	PT_Z4PJA6KT	Gain	neutral	neutral
7316-1763	BS_WPCBK1EG	PT_Z4PJA6KT	neutral	Loss	neutral
7316UP-310	BS_7ZM4PG53	PT_DB281Z4K	Gain	neutral	neutral
7316-1746	BS_ASGBEHAX	PT_C2D4JXS1	neutral	neutral	neutral
7316-1746	BS_ASGBEHAX	PT_C2D4JXS1	neutral	neutral	Gain
7316-1746	BS_ASGBEHAX	PT_C2D4JXS1	Gain	neutral	neutral
7316-1746	BS_ASGBEHAX	PT_C2D4JXS1	neutral	Gain	neutral
7316-2737	BS_S791VC80	PT_8GN3TQRM	neutral	neutral	neutral
7316-2737	BS_S791VC80	PT_8GN3TQRM	Gain	neutral	neutral
7316-2737	BS_S791VC80	PT_8GN3TQRM	neutral	Loss	neutral
7316UP-2058	BS_1WY6405N	PT_3PVE9CBR	neutral	Loss	neutral
7316-4215	BS_Y4CC9PKT	PT_ZH3SBJPZ	Neutral	neutral	neutral
7316-4723	BS_3S64YXFJ	PT_9PDE9KSB	neutral	neutral	neutral
7316-4723	BS_3S64YXFJ	PT_9PDE9KSB	neutral	neutral	Gain
7316-4723	BS_3S64YXFJ	PT_9PDE9KSB	neutral	Loss	neutral
7316-3769	BS_WJB33V17	PT_59FJRPVX	neutral	neutral	Loss
7316-3769	BS_WJB33V17	PT_59FJRPVX	Neutral	neutral	neutral
7316-3303	BS_96S0VQBN	PT_1H2REHT2	neutral	neutral	neutral
7316-3303	BS_96S0VQBN	PT_1H2REHT2	neutral	neutral	Gain
7316-3303	BS_96S0VQBN	PT_1H2REHT2	Gain	neutral	neutral
7316-3303	BS_96S0VQBN	PT_1H2REHT2	neutral	Neutral	neutral
7316-2152	BS_KHSYAB3J	PT_7FZ8SE69	Gain	neutral	neutral
7316-2152	BS_KHSYAB3J	PT_7FZ8SE69	neutral	Neutral	neutral
7316-2857	BS_QWS88QXE	PT_0DXHDZJR	Gain	neutral	neutral
7316-1106	BS_J4E9SW51	PT_T8V9ES93	Gain	neutral	neutral
7316-3000	BS_ABZ3BK38	PT_S2BEPYQ0	neutral	neutral	neutral
7316-3000	BS_ABZ3BK38	PT_S2BEPYQ0	Loss	neutral	neutral
7316UP-2333	BS_FAZBX8AS	PT_3PVE9CBR	Gain	neutral	neutral
7316-371	BS_QJ58E1KY	PT_CSZ9QA1N	neutral	neutral	Gain
7316-4432	BS_ZN35MFSR	PT_P1F0AHMT	neutral	neutral	neutral
7316-4432	BS_ZN35MFSR	PT_P1F0AHMT	neutral	neutral	Gain
7316-4432	BS_ZN35MFSR	PT_P1F0AHMT	Neutral	neutral	neutral
7316-4432	BS_ZN35MFSR	PT_P1F0AHMT	neutral	Loss	neutral
7316-288	BS_V3X7YF5J	PT_84Q11Z5X	neutral	neutral	neutral
7316-288	BS_V3X7YF5J	PT_84Q11Z5X	neutral	Loss	neutral
7316-231	BS_F7SMM59X	PT_RPC00TAJ	neutral	neutral	neutral
7316-231	BS_F7SMM59X	PT_RPC00TAJ	Gain	neutral	neutral
7316-620	BS_Y5687G7D	PT_6D9C46GC	neutral	neutral	Gain
7316-255	BS_70E0T7EE	PT_X7HC5YCY	Neutral	neutral	neutral
7316-1946	BS_58X7SKJS	PT_QQZXYR4M	neutral	neutral	Neutral
7316-1099	BS_EPM623G4	PT_N3205P0D	neutral	Gain	neutral
7316-371	BS_QJ58E1KY	PT_CSZ9QA1N	neutral	Loss	neutral
7316-870	BS_KXGJ1HMG	PT_P5HHJJPH	Gain	neutral	neutral
7316UP-2035	BS_4QH8B0VS	PT_6RZ363TJ	neutral	Loss	neutral
7316-2536	BS_7JVKJPB7	PT_JC4DHFJR	neutral	neutral	Gain
7316-3769	BS_WJB33V17	PT_59FJRPVX	neutral	neutral	neutral
7316-2777	BS_A0NBZQPH	PT_TPDB1WC8	Gain	neutral	neutral
7316-89	BS_D6XHKZDZ	PT_N32BYY8A	Neutral	neutral	neutral
7316-3765	BS_80078QDG	PT_PF9EC93Q	neutral	Gain	neutral
7316-2241	BS_3J4X955P	PT_CB1DN0V8	neutral	neutral	neutral
7316-2241	BS_3J4X955P	PT_CB1DN0V8	neutral	neutral	Gain
7316-2241	BS_3J4X955P	PT_CB1DN0V8	Gain	neutral	neutral
7316-2151	BS_SKRY0BJ4	PT_HNZNZ635	neutral	neutral	neutral
7316-1844	BS_CW9FZE4H	PT_VWZZTK38	neutral	neutral	Gain
7316-1844	BS_CW9FZE4H	PT_VWZZTK38	neutral	Loss	neutral
7316-1455	BS_16JT2DCA	PT_JT9HH7M6	neutral	neutral	neutral
7316-1455	BS_16JT2DCA	PT_JT9HH7M6	neutral	neutral	Neutral
7316-1455	BS_16JT2DCA	PT_JT9HH7M6	Gain	neutral	neutral
7316-1455	BS_16JT2DCA	PT_JT9HH7M6	neutral	Neutral	neutral
7316-1052	BS_3HXCGJ4J	PT_18QG3Z4H	neutral	neutral	Gain
7316-622	BS_SGHC3FB0	PT_Y585X1BS	neutral	neutral	neutral
7316-622	BS_SGHC3FB0	PT_Y585X1BS	neutral	neutral	Neutral
7316-622	BS_SGHC3FB0	PT_Y585X1BS	Gain	neutral	neutral
7316-622	BS_SGHC3FB0	PT_Y585X1BS	neutral	Gain	neutral
7316-622	BS_SGHC3FB0	PT_Y585X1BS	neutral	Neutral	neutral
7316-161	BS_W2QCHQ7E	PT_Z4BF2NSB	neutral	neutral	Neutral
7316-5928	BS_GMVP7K9F	PT_K1YK24PP	Neutral	neutral	neutral
7316-287	BS_ZMM11DCC	PT_1B1Z7BRQ	neutral	neutral	neutral
7316-287	BS_ZMM11DCC	PT_1B1Z7BRQ	neutral	Loss	neutral
7316-1099	BS_JJ593ZW7	PT_N3205P0D	neutral	neutral	neutral
7316-1106	BS_9XHV04WE	PT_T8V9ES93	neutral	neutral	neutral
7316-114	BS_2EJWS3SD	PT_3X3MF8ZD	neutral	neutral	neutral
7316-114	BS_3NX3RBCX	PT_3X3MF8ZD	neutral	neutral	neutral
7316-161	BS_ZY319KJ4	PT_Z4BF2NSB	neutral	neutral	neutral
7316-1723	BS_D7PRJEMD	PT_DW2XRPC9	neutral	neutral	neutral
7316-1746	BS_P4Z4YP0P	PT_C2D4JXS1	neutral	neutral	neutral
7316-1763	BS_EYXVNC69	PT_Z4PJA6KT	neutral	neutral	neutral
7316-1769	BS_KY1CTGJ3	PT_JSFBMK5V	neutral	neutral	neutral
7316-1774	BS_JWETX0BH	PT_KZ04SDDS	neutral	neutral	neutral
7316-1889	BS_7P378T0E	PT_KBDP8ZCR	neutral	neutral	neutral
7316-1890	BS_M4KBSYZ2	PT_2WVW55DA	neutral	neutral	neutral
7316-1937	BS_9G82HJFA	PT_59D00MBQ	neutral	neutral	neutral
7316-194	BS_CCZZ0NQF	PT_SYHB12RN	neutral	neutral	neutral
7316-1946	BS_SP3ND4W3	PT_QQZXYR4M	neutral	neutral	neutral
7316-195	BS_NWXG4ZNS	PT_Y5KY6KN9	neutral	neutral	neutral
7316-1956	BS_Y6D4JQS8	PT_P2NGYMG5	neutral	neutral	neutral
7316-204	BS_VNBX1SEV	PT_RSDTCFDA	neutral	neutral	neutral
7316-2091	BS_4AM9C504	PT_8GN3TQRM	neutral	neutral	neutral
7316-2092	BS_M28HG0NT	PT_2WVW55DA	neutral	neutral	neutral
7316-2140	BS_35M8GBJ4	PT_QDGVJKE0	neutral	neutral	neutral
7316-2140	BS_EP25TTAG	PT_QDGVJKE0	neutral	neutral	neutral
7316-2146	BS_D368BNRD	PT_MDWPRDBT	neutral	neutral	neutral
7316-2151	BS_59H6VFJX	PT_HNZNZ635	neutral	neutral	neutral
7316-2152	BS_1034EC8V	PT_7FZ8SE69	neutral	neutral	neutral
7316-2176	BS_GKJZGTFS	PT_VAJN5QP8	neutral	neutral	neutral
7316-2274	BS_9R1ENMBP	PT_MSQ6GSVP	neutral	neutral	neutral
7316-2274	BS_HJ95JNFN	PT_MSQ6GSVP	neutral	neutral	neutral
7316-2594	BS_SGS26NXP	PT_JNEV57VK	neutral	neutral	neutral
7316-2599	BS_WWV74V71	PT_4A2H0KNR	neutral	neutral	neutral
7316-2660	BS_00TRPEQX	PT_MDWPRDBT	neutral	neutral	neutral
7316-2857	BS_65YZYWHD	PT_0DXHDZJR	neutral	neutral	neutral
7316-3000	BS_0TCRV9AC	PT_S2BEPYQ0	neutral	neutral	neutral
7316-3022	BS_0KKH9VKP	PT_1H2REHT2	neutral	neutral	neutral
7316-3075	BS_EBBQ7GD2	PT_KFYJBQB8	neutral	neutral	neutral
7316-3075	BS_NJFK43N3	PT_KFYJBQB8	neutral	neutral	neutral
7316-34	BS_QVX41H9E	PT_CSZ9QA1N	neutral	neutral	neutral
7316-3521	BS_BZ7FK347	PT_63F63QY0	neutral	neutral	neutral
7316-3521	BS_KAD49R68	PT_63F63QY0	neutral	neutral	neutral
7316-3625	BS_F064HMTP	PT_387VK1T9	neutral	neutral	neutral
7316-3625	BS_T77MXWTX	PT_387VK1T9	neutral	neutral	neutral
7316-3636	BS_S8756VS8	PT_NTV1B352	neutral	neutral	neutral
7316-37	BS_5NXD2WTC	PT_5Q52M9W8	neutral	neutral	neutral
7316-37	BS_AB4QGN7R	PT_5Q52M9W8	neutral	neutral	neutral
7316-3765	BS_K4XGEGW0	PT_PF9EC93Q	neutral	neutral	neutral
7316-3769	BS_6E10DMSJ	PT_59FJRPVX	neutral	neutral	neutral
7316-3771	BS_1S5V7WWC	PT_QTDY0Y9A	neutral	neutral	neutral
7316-3771	BS_61KN2D29	PT_QTDY0Y9A	neutral	neutral	neutral
7316-388	BS_872YDFKD	PT_4XB3YTJM	neutral	neutral	neutral
7316-392	BS_H4KBJDGN	PT_JSFBMK5V	neutral	neutral	neutral
7316-3935	BS_EQG6D837	PT_DJ106XYS	neutral	neutral	neutral
7316-3935	BS_WJF6ZXWN	PT_DJ106XYS	neutral	neutral	neutral
7316-409	BS_THDBV4G0	PT_2JDDX6TJ	neutral	neutral	neutral
7316-4215	BS_H9YGSVB9	PT_ZH3SBJPZ	neutral	neutral	neutral
7316-4293	BS_7014T562	PT_PWVX2F69	neutral	neutral	neutral
7316-4337	BS_6J0XG5G8	PT_D5KKHPAE	neutral	neutral	neutral
7316-4347	BS_GQ03DXR8	PT_K1YK24PP	neutral	neutral	neutral
7316-4432	BS_1GFP3T8N	PT_P1F0AHMT	neutral	neutral	neutral
7316-445	BS_G9MQM1KK	PT_89XRZBSG	neutral	neutral	neutral
7316-445	BS_XHT3F34T	PT_89XRZBSG	neutral	neutral	neutral
7316-4466	BS_ZBEZT4XY	PT_YSYNKHAE	neutral	neutral	neutral
7316-4516	BS_FJ19AHR2	PT_C7HHJG7Z	neutral	neutral	neutral
7316-4552	BS_46TXYD8H	PT_PEHEAEVT	neutral	neutral	neutral
7316-4552	BS_81S538NW	PT_PEHEAEVT	neutral	neutral	neutral
7316-466	BS_DDH5HKJK	PT_40HTPY49	neutral	neutral	neutral
7316-466	BS_T7WMJ08W	PT_40HTPY49	neutral	neutral	neutral
7316-4678	BS_SNSC50DR	PT_GHTSGFCT	neutral	neutral	neutral
7316-4723	BS_RQGMWB4X	PT_9PDE9KSB	neutral	neutral	neutral
7316-4842	BS_877M0HVM	PT_89HXDTTW	neutral	neutral	neutral
7316-4842	BS_WFPXQ57P	PT_89HXDTTW	neutral	neutral	neutral
7316-4844	BS_VQEKRQ7C	PT_89HXDTTW	neutral	neutral	neutral
7316-4917	BS_E4N5C9JF	PT_BC6JG69J	neutral	neutral	neutral
7316-4917	BS_Y9C602Y4	PT_BC6JG69J	neutral	neutral	neutral
7316-4942	BS_8F5V59SS	PT_HF824BSM	neutral	neutral	neutral
7316-4993	BS_HD85HDA9	PT_BMK69WFB	neutral	neutral	neutral
7316-5087	BS_NE3YDEVF	PT_1FQFJ0V1	neutral	neutral	neutral
7316-5267	BS_ZZ47KXR3	PT_91PDAFH0	neutral	neutral	neutral
7316-619	BS_6YSRX0EW	PT_H2HT2WQX	neutral	neutral	neutral
7316-624	BS_SMHNXC5G	PT_SDPA6AAP	neutral	neutral	neutral
7316-6310	BS_KYVZWYMS	PT_GHTSGFCT	neutral	neutral	neutral
7316-85	BS_E42SSQGJ	PT_3AWKWXEV	neutral	neutral	neutral
7316-85	BS_YKT1NAJQ	PT_3AWKWXEV	neutral	neutral	neutral
7316-870	BS_R7TZRSZT	PT_P5HHJJPH	neutral	neutral	neutral
7316-89	BS_579DARY4	PT_N32BYY8A	neutral	neutral	neutral
7316-895	BS_BQWMQM2Y	PT_MDWPRDBT	neutral	neutral	neutral
7316-895	BS_RB3PE7G3	PT_MDWPRDBT	neutral	neutral	neutral
7316-913	BS_GKRMQS5W	PT_4347ZBEX	neutral	neutral	neutral
7316UP-1104	BS_B4CQXY09	PT_X5SGG610	neutral	neutral	neutral
7316UP-1104	BS_N88EQK8Z	PT_X5SGG610	neutral	neutral	neutral
7316UP-1962	BS_FB1VVQAR	PT_HP7WQNW4	neutral	neutral	neutral
7316UP-1962	BS_SG37096X	PT_HP7WQNW4	neutral	neutral	neutral
7316UP-2035	BS_MX3KAJ7X	PT_6RZ363TJ	neutral	neutral	neutral
7316UP-2058	BS_NEA7MK2A	PT_3PVE9CBR	neutral	neutral	neutral
7316UP-2403	BS_85J1DDJS	PT_HP7WQNW4	neutral	neutral	neutral
7316UP-2403	BS_JKYNBAFG	PT_HP7WQNW4	neutral	neutral	neutral
7316UP-310	BS_167KP98W	PT_DB281Z4K	neutral	neutral	neutral
7316UP-759	BS_4MGT61BX	PT_Y34NXFN6	neutral	neutral	neutral
7316UP-759	BS_TCGD48CP	PT_Y34NXFN6	neutral	neutral	neutral
