Kids_First_Participant_ID	sample_id	Kids_First_Biospecimen_ID	H3F3A_H3-3A.K28M	HIST1H3B_H3C2.K28M	HIST1H3C_H3C3.K28M	HIST2H3C_H3C14.K28M	H3F3A_H3-3A.G35R	H3F3A_H3-3A.G35V	defining_lesion
PT_0DXHDZJR	7316-2857	BS_QWS88QXE	No	No	No	No	No	No	FALSE
PT_18QG3Z4H	7316-1052	BS_3HXCGJ4J	No	No	No	No	No	No	FALSE
PT_1B1Z7BRQ	7316-287	BS_ZMM11DCC	No	No	No	No	No	No	FALSE
PT_1FQFJ0V1	7316-5087	BS_DFTX5Q9V	No	No	No	No	No	No	FALSE
PT_1H2REHT2	7316-3303	BS_96S0VQBN	No	No	No	No	No	No	FALSE
PT_2JDDX6TJ	7316-409	BS_B9QP40ER	Yes	No	No	No	No	No	TRUE
PT_2WVW55DA	7316-2092	BS_M28HG0NT	No	No	No	No	No	No	FALSE
PT_387VK1T9	7316-3625	BS_F064HMTP	No	No	No	No	No	No	FALSE
PT_3AWKWXEV	7316-85	BS_E42SSQGJ	No	No	No	No	No	No	FALSE
PT_3PVE9CBR	7316UP-2058	BS_1WY6405N	No	No	No	No	No	No	FALSE
PT_3PVE9CBR	7316UP-2333	BS_FAZBX8AS	No	No	No	No	No	No	FALSE
PT_3X3MF8ZD	7316-114	BS_3NX3RBCX	No	No	No	No	No	No	FALSE
PT_40HTPY49	7316-466	BS_T7WMJ08W	Yes	No	No	No	No	No	TRUE
PT_4347ZBEX	7316-913	BS_742CDKAS	No	No	No	No	No	No	FALSE
PT_4A2H0KNR	7316-2599	BS_WWV74V71	No	No	No	No	No	No	FALSE
PT_4XB3YTJM	7316-388	BS_823V5X6Z	Yes	No	No	No	No	No	TRUE
PT_59D00MBQ	7316-2810	BS_E3B3926M	Yes	No	No	No	No	No	TRUE
PT_59FJRPVX	7316-3769	BS_WJB33V17	No	No	No	No	No	No	FALSE
PT_5Q52M9W8	7316-37	BS_AB4QGN7R	No	No	No	No	No	No	FALSE
PT_63F63QY0	7316-3521	BS_KAD49R68	Yes	No	No	No	No	No	TRUE
PT_6D9C46GC	7316-620	BS_Y5687G7D	No	No	No	No	No	No	FALSE
PT_6RZ363TJ	7316UP-2035	BS_4QH8B0VS	No	No	No	No	No	No	FALSE
PT_7FZ8SE69	7316-2152	BS_KHSYAB3J	Yes	No	No	No	No	No	TRUE
PT_84Q11Z5X	7316-288	BS_V3X7YF5J	No	No	No	No	No	No	FALSE
PT_89HXDTTW	7316-4842	BS_WFPXQ57P	No	No	No	No	No	No	FALSE
PT_89HXDTTW	7316-4844	BS_VQEKRQ7C	No	No	No	No	No	No	FALSE
PT_89XRZBSG	7316-445	BS_G9MQM1KK	No	No	No	No	No	No	FALSE
PT_8GN3TQRM	7316-2069	BS_QQP17PDQ	No	No	No	No	No	No	FALSE
PT_8GN3TQRM	7316-2737	BS_S791VC80	No	No	No	No	No	No	FALSE
PT_91PDAFH0	7316-5267	BS_RM13B4YN	No	No	No	No	Yes	No	TRUE
PT_9PDE9KSB	7316-4723	BS_3S64YXFJ	No	No	No	No	Yes	No	TRUE
PT_BC6JG69J	7316-4917	BS_E4N5C9JF	No	No	No	No	No	No	FALSE
PT_BMK69WFB	7316-4993	BS_81SVXT4D	No	No	No	No	No	No	FALSE
PT_C2D4JXS1	7316-1746	BS_ASGBEHAX	No	No	No	No	No	No	FALSE
PT_C7HHJG7Z	7316-4516	BS_GCG2PKQA	Yes	No	No	No	No	No	TRUE
PT_CB1DN0V8	7316-2241	BS_3J4X955P	No	No	No	No	No	No	FALSE
PT_CSZ9QA1N	7316-371	BS_QJ58E1KY	No	No	No	No	No	No	FALSE
PT_D5KKHPAE	7316-4337	BS_MB5K2C19	No	No	No	No	No	No	FALSE
PT_DB281Z4K	7316UP-310	BS_7ZM4PG53	No	No	No	No	No	No	FALSE
PT_DJ106XYS	7316-3935	BS_WJF6ZXWN	Yes	No	No	No	No	No	TRUE
PT_DW2XRPC9	7316-1723	BS_D7PRJEMD	No	No	No	No	No	No	FALSE
PT_GHTSGFCT	7316-6310	BS_KYVZWYMS	No	No	No	No	No	No	FALSE
PT_H2HT2WQX	7316-619	BS_6YSRX0EW	No	No	No	No	No	No	FALSE
PT_HF824BSM	7316-4942	BS_JZ40GV74	No	No	No	No	No	No	FALSE
PT_HNZNZ635	7316-2151	BS_SKRY0BJ4	No	No	No	No	No	No	FALSE
PT_HP7WQNW4	7316UP-1962	BS_SG37096X	No	No	No	No	No	No	FALSE
PT_HP7WQNW4	7316UP-2403	BS_85J1DDJS	No	No	No	No	No	No	FALSE
PT_JC4DHFJR	7316-2536	BS_7JVKJPB7	No	No	No	No	No	No	FALSE
PT_JNEV57VK	7316-2594	BS_85Q5P8GF	Yes	No	No	No	No	No	TRUE
PT_JNEV57VK	7316-3058	BS_P0QJ1QAH	Yes	No	No	No	No	No	TRUE
PT_JSFBMK5V	7316-1769	BS_KY1CTGJ3	Yes	No	No	No	No	No	TRUE
PT_JT9HH7M6	7316-1455	BS_16JT2DCA	No	No	No	No	No	No	FALSE
PT_K1YK24PP	7316-5928	BS_GMVP7K9F	Yes	No	No	No	No	No	TRUE
PT_KBDP8ZCR	7316-1889	BS_7P378T0E	No	No	No	No	No	No	FALSE
PT_KFYJBQB8	7316-3075	BS_NJFK43N3	No	No	No	No	No	No	FALSE
PT_KZ04SDDS	7316-1774	BS_79NQJZ09	No	No	No	No	No	No	FALSE
PT_MDWPRDBT	7316-2146	BS_D368BNRD	No	No	No	No	No	No	FALSE
PT_MDWPRDBT	7316-2660	BS_00TRPEQX	No	No	No	No	No	No	FALSE
PT_MDWPRDBT	7316-2751	BS_1M63B97V	No	No	No	No	No	No	FALSE
PT_MDWPRDBT	7316-895	BS_BQWMQM2Y	No	No	No	No	No	No	FALSE
PT_MSQ6GSVP	7316-2274	BS_HJ95JNFN	No	No	No	No	No	No	FALSE
PT_N3205P0D	7316-1099	BS_EPM623G4	No	No	No	No	Yes	No	TRUE
PT_N32BYY8A	7316-89	BS_D6XHKZDZ	No	No	No	No	No	No	FALSE
PT_NTV1B352	7316-3636	BS_CKX0QTD6	No	No	No	No	No	No	FALSE
PT_P1F0AHMT	7316-4432	BS_ZN35MFSR	No	No	No	No	No	No	FALSE
PT_P2NGYMG5	7316-1956	BS_230S192D	Yes	No	No	No	No	No	TRUE
PT_P5HHJJPH	7316-870	BS_KXGJ1HMG	No	No	No	No	No	No	FALSE
PT_PEHEAEVT	7316-4552	BS_46TXYD8H	No	No	No	No	No	No	FALSE
PT_PF9EC93Q	7316-3765	BS_80078QDG	No	No	No	No	No	No	FALSE
PT_PWVX2F69	7316-4293	BS_82KENKT0	No	No	No	No	No	No	FALSE
PT_QDGVJKE0	7316-2140	BS_EP25TTAG	No	No	No	No	No	No	FALSE
PT_QQZXYR4M	7316-1946	BS_58X7SKJS	No	No	No	No	No	No	FALSE
PT_QTDY0Y9A	7316-3771	BS_1S5V7WWC	Yes	No	No	No	No	No	TRUE
PT_RPC00TAJ	7316-231	BS_F7SMM59X	No	No	No	No	No	No	FALSE
PT_RSDTCFDA	7316-204	BS_SK4H5MJQ	No	No	No	No	No	No	FALSE
PT_S2BEPYQ0	7316-3000	BS_ABZ3BK38	No	No	No	No	No	No	FALSE
PT_SDPA6AAP	7316-624	BS_SMHNXC5G	No	No	No	No	No	No	FALSE
PT_SYHB12RN	7316-194	BS_9DM8H1RX	No	No	No	No	No	No	FALSE
PT_T8V9ES93	7316-1106	BS_J4E9SW51	No	No	No	No	No	No	FALSE
PT_TPDB1WC8	7316-2777	BS_A0NBZQPH	No	No	No	No	No	No	FALSE
PT_VAJN5QP8	7316-2176	BS_KSHETTQC	No	No	No	No	No	No	FALSE
PT_VWZZTK38	7316-1844	BS_CW9FZE4H	No	No	No	No	No	No	FALSE
PT_X5SGG610	7316UP-1104	BS_N88EQK8Z	No	No	No	No	No	Yes	TRUE
PT_X7HC5YCY	7316-255	BS_70E0T7EE	No	No	No	No	No	No	FALSE
PT_Y34NXFN6	7316UP-759	BS_4MGT61BX	No	No	No	No	No	No	FALSE
PT_Y585X1BS	7316-622	BS_SGHC3FB0	No	No	No	No	No	No	FALSE
PT_Y5KY6KN9	7316-195	BS_AYPBAHJ6	Yes	No	No	No	No	No	TRUE
PT_YSYNKHAE	7316-4466	BS_HBSA5CW2	No	No	No	No	No	No	FALSE
PT_Z4BF2NSB	7316-161	BS_W2QCHQ7E	No	No	No	No	No	No	FALSE
PT_Z4PJA6KT	7316-1763	BS_WPCBK1EG	Yes	No	No	No	No	No	TRUE
PT_ZH3SBJPZ	7316-4215	BS_Y4CC9PKT	No	No	No	No	No	No	FALSE
